"","mean_ND_UP","mean_c_UP","mean_e_UP","mean_ND_DN","mean_c_DN","mean_e_DN"
"UP083GDN116R",16.96,17.5269360464872,0.127692073875795,20.53,19.9897493968931,0.0763728845440594
"UP083GDN208R",21.72,19.6291006957683,0.0629235971504934,16.45,8.51589136478044,0.0156562075446386
"UP083RDN154G_0331",14.84,10.4106439628874,0.550648984901474,34.04,18.794251348253,0.0789574594275785
"UP116RDN154G_0417",27.26,18.5484758410712,0.03138924903153,14.65,11.8447519026673,0.199971324241354
