"","mean_ND_UP","mean_c_UP","mean_e_UP","mean_ND_DN","mean_c_DN","mean_e_DN"
"UP083GDN116R",16.96,17.4532254552204,0.129599555823714,20.53,19.7853110604949,0.074307565760291
"UP083GDN208R",21.72,19.4263861855578,0.0612437594296431,16.45,8.39810945595917,0.0153617533354133
"UP083RDN154G_0331",14.84,10.4812920625174,0.551015377178927,34.04,18.7389542249456,0.0803496069399227
"UP116RDN154G_0417",27.26,18.5535145338996,0.0325217750563864,14.65,12.3611088662013,0.195554324081646
