"","mean_ND_UP","mean_c_UP","mean_e_UP","mean_ND_DN","mean_c_DN","mean_e_DN"
"UP049GDN082R_CtrA5",10.95,12.8659467594648,0.0732354300419514,23.85,12.7838970733232,0.0686915645163903
"UP049GDN123R_CtrA5",29.31,15.9880689031211,0.262001600902577,25.21,15.9534869040286,0.0656777646172634
"UP049GDN123R_CtrA6",23.51,16.2612044640667,0.295242465739154,22.36,18.2414063422014,0.0510007793496003
"UP082RDN123G_CtrA5",33.76,18.1891132947682,0.0767295419630192,16.81,20.889170601664,0.0264457585141047
"UP082RDN123G_CtrA6",36.56,17.6402451584925,0.0704277934845327,21.79,14.9387122724123,0.0059992854855444
"UP123GDN180R_CtrA5",11.66,7.83033041028487,0.0130194582972831,22.32,14.3959538849176,0.0262533280030937
"UP123GDN180R_CtrA6",12.34,6.86029466605042,0.013308370973326,28.1,13.2793456120087,0.0183141171946141
"UP180R_CtrA5",24.08,13.7219120682971,0.0118741545329821,NA,NA,NA
